tweet,sentiment
Buenos diasMe preguntan que cÃ³mo sigo Les cuento que aqui estoy tirada en la cama con mi amor chiquito Me bajÃ³ la fiebre pero el dolor de cabeza noTengo mucho miedo porque he estado un poco expuesta ayudando y llevando mercados con la fundaciÃ³n  Abro hilo,MIXED
Cuando tu lugar de trabajo tambiÃ©n se convierte en el cuarto de tu hijoJunglelifeğŸŒ³ğŸµâš¡ğŸŒ±ğŸ’â¤ï¸ğŸ‘¶ğŸ»,NEUTRAL
Adivinen a quiÃ©n me voy a llevar a pasear por el rÃ­o Si Â¡Al pecuequitas tarzanJunglelifeğŸ¦œğŸŒ±âš¡ğŸŒ³ğŸ’â¤ï¸,NEUTRAL
Rap en huitoto lengua de la AmazonÃ­a rap filmmaker video en Leticia Amazonas,NEUTRAL
ExtraÃ±are esto,NEGATIVE
Y la verdad es que no me quiero de casa,NEGATIVE
RÃ­o Amazonas en la triple frontera entre Colombia PerÃº y Brasil ğŸ‡¨ğŸ‡´ ğŸ‡µğŸ‡ª ğŸ‡§ğŸ‡·,NEUTRAL
La foto desde el puerto en Leticia al frente Santa Rosa de PerÃº a lo largo y ancho la inmensidad del rÃ­o amazonasPostales del atardecer ğŸŒ¿ğŸŒğŸ’§ Ã  Amazonas Colombia,NEUTRAL
AmÃ© aquÃ­ pero ya extraÃ±o BogotÃ¡ ğŸ˜­,MIXED
Pues foticos del rÃ­o no hubo porque tiempo tampoco hubo Nos vemos en BogotÃ¡,NEUTRAL
AsÃ­ me despido de Leticia ğŸ¥°,NEGATIVE
LlegÃ³ mi mamÃ¡La abuelita de NeriÃ¡Junglelifeâ¤ï¸ğŸŒ³ğŸ™Šâš¡ğŸ‘¶ğŸ»,POSITIVE
Mi amigo Juancho recibiendo su reconocimiento Merecido y necesario Gracias Juancho gracias Los Yetis Ya nos veremos amigo en Amazonas  Con Las Tres Fronteras  Brasil Peru Y Colombia,POSITIVE
Y fue allÃ­ con esa mirada que se diÃ³ cuenta que Ã©ramos el uno para el otro ğŸ¤ªğŸ¥°â£Oigan CÃ³mo mÃ¡s iba a terminar este viaje si no era con una foto de lo mÃ¡s lindo que vivÃ­ en el Amazonas  En serio es unaâ€¦,POSITIVE
En nuestro paso por el amazonas fuimos a visitar Aldea una especie de reserva en medio de la selva en el que cuidan y alimentan a los animales en total libertad â£ï¸ğŸ’ğŸ¦ğŸ¦œğŸğŸ¦ en Amazonas  Con Las Tres Fronteras â€¦,NEUTRAL
Esto ha sido probablemente de mis experiencias mÃ¡s bonitas en Colombia SÃ© y les quiero contar que nuestro paÃ­s tiene muchÃ­simo para ofrecer Leticia Amazonas un destino SI O SÃ para conocer QuÃ© me dicen de misâ€¦,POSITIVE
Salchipapa Time âš¡Sunday Junglelife SummerğŸ’ğŸŒ³ğŸ‘¶ğŸˆ,NEUTRAL
Yo aqui viendo a  en dÃ­a a dÃ­a ğŸ™‚,POSITIVE
Hola amiguetesEn este momento estoy en tabatinga Brasil La verdad solo he comido en tabatinga lo que son ceviches y arroces Lo que re comendamos me metÃ­ a un lugar lindodecente y me pedi un pasta de frango sabia al propio vomitoCuando vengan No coman en brasil nunca,POSITIVE
Esto ha sido lo mÃ¡s mÃ¡gico no imaginanâ™¥ï¸ğŸ˜ tienen que presenciarlo Todos los dÃ­as a las 530pm en el Parque Santander en Leticia Amazonas Colombia,POSITIVE
Â¿Fui el Ãºnico que lo leyÃ³ con la voz de ella ğŸ˜³,NEUTRAL
En la vida te haces fuerte o te joden,NEGATIVE
8 con amor,POSITIVE
Fuck nudes send me audios de tu risa y foticos de tu hermosa carita,POSITIVE
El llanero mÃ¡s sensual del mundo mundial ğŸ˜‚,POSITIVE
La paz mental lo es todo,NEUTRAL
Hoy en cÃ³mo encontrar un homosexual,NEGATIVE
Precuarentena Poscuarentena,NEUTRAL
Normalicen responder los mensajes dos dias despuÃ©s sin que se enojen,NEGATIVE
Si alguien te dice que te quiere que te diga para que Â¿no,MIXED
Dios conoce el anhelo de tu corazÃ³n Ã©l sabe tu necesidad y obrarÃ¡ en ti conforme a su perfecta voluntad,POSITIVE
Expectativa  Realidad,POSITIVE
InformaciÃ³n importante,NEUTRAL
No me vas a encontrar en nadie,MIXED
ğŸš¨En ItagÃ¼Ã­ aclaramos varios puntos sobre las medidas en esta tercera etapa del Aislamiento Preventivo Obligatorio Les comparto este Top 20 Abro hilo,NEUTRAL
JUEPUTA KIMBERLY Y JUAN DE DIOS TERMINARON,NEGATIVE
AyyyyyDios,NEUTRAL
Domingo 26 de abril Al fin dimos el salto esperado durante un mes largo hoy se reportaron resultados de 6053 pruebas Dije hace poco que el jueves llegaban reactivos y podÃ­amos crecer El brinco se dio antes de lo esperado  Me dicen que pronto 8000 y en 15 dÃ­as los 10000,NEUTRAL
Llegan Mensajes,NEUTRAL
BaÃ±arse con alguien o dormir con alguien es mÃ¡s Ã­ntimo que el sexo pero no estÃ¡n preparados para esto,NEGATIVE
EsNoticia  Ofensiva del EJERCITO   en Casanare permitiÃ³ la neutralizaciÃ³n de un cabecilla y tres personas mÃ¡s junto con la incautaciÃ³n de diferente material de guerra e intendencia,NEUTRAL
Todo mi reconocimiento y apoyo para nuestra fuerza pÃºblica ellos le ponen a diario el pecho a esta situaciÃ³n para garantizarnos un aislamiento preventivo seguroUnAplausoParaNuestrosHÃ©roesQuÃ©dateEnCasa,NEUTRAL
Desde la Gerencia de Fronteras acompaÃ±amos al alcalde de Arauca  en una labor de control fluvial de la frontera colombovenezolana Nuestra Fuerza PÃºblica estÃ¡ haciendo una labor titÃ¡nica de soberanÃ­a Nal,NEUTRAL
ARAUCA GRACIAS a los miles de soldados de nuestro EJERCITO a su  EJC Grl Zapateiro a los generales Cardozo Div8 y TraslaviÃ±a Al igual que profesionales de la salud estos uniformados estÃ¡n arriesgando su vida para protegernos Â¡DIOS LOS BENDIGA,POSITIVE
Gracias por llenarme de alegrÃ­a,POSITIVE
No sÃ© que serÃ¡ pero â€œgomeloâ€ sin ser el sÃºper perro  su nobleza ha hecho que para mÃ­ sÃ­ lo sea mejoramigo MundoAnimalÃšH gomeloesunbcan,POSITIVE
DÃ©monos un beso antes de que acabe el aÃ±o,NEUTRAL
Y estarÃ© de ti pendiente hasta la hora de mi muerte â˜ºï¸,NEUTRAL
Hoy fui al gym y estaba cerrado ğŸ˜¥,NEUTRAL
Algo me dice que el sÃ¡bado  nos darÃ¡ el regalo de navidadLa anhelada â­ 14VamosMecha,NEUTRAL
Llegamos a araucagena llegamos a araucagena ğŸ˜…  Aeropuerto Santiago Perez Quiroz   in Arauca Colombia,NEUTRAL
Llegamos Gracias ARAUCA y camaradecomercioarauca en Arauca Arauca,POSITIVE
DiosEsBueno y me permite un nuevo dia me bendice con un trabajo y de Ã±apa una labor que amo y disfruto hacerAgradece esta nueva oportunidad para seguir soÃ±ando y trabajar por nuestros sueÃ±os  ValeLaPenaSerFeliz,POSITIVE
Y al final con mucha dedicaciÃ³n quedan los pies cansados y la conciencia feliz porque entregas cuerpo alma y â¤ï¸ Finalizando jornada en nuestra bella Arauca ğŸ en Aeropuerto Santiagoâ€¦,MIXED
En una Ã©poca donde las estampillas fÃ­sicas estÃ¡n en vÃ­a de extinciÃ³n,NEUTRAL
Y pues se disfruta el trabajo de vez en cuando ğŸ˜Š,POSITIVE
Suspenden al Alcalde de Tierralta por irregularidades en el orden pÃºblico el dÃ­a del asesinato de Maria del PilarSi el mismo que saliÃ³ a decir que la vÃ­ctima no era lÃ­der social,NEGATIVE
Estamos ya cruzando el rÃ­o Arauca puente JosÃ© Antonio Paez Y agradecemos a nuestros patrocinantes de este viaje al TorneoInternacionalDelJoropo AlfreditoElReyDavid GabrielMacarron y mis amigos de ProsuserviCAâ€¦,POSITIVE
Elevamos una oraciÃ³n al todo poderoso por el eterno descanso de nuestros policias quienes ofrendaron sus vidas por salvaguardar la seguridad fronteriza y econÃ³mica delâ€¦,POSITIVE
Con nuestros hÃ©roes de COLOMBIA ğŸ‡¨ğŸ‡´ llevando un saludo de Navidad      en Arauca Arauca,POSITIVE
Que 1111 ni que naaaa plataaaaa es lo que necesito,NEUTRAL
Tengo la malparidez existencial encendÃ­aaaaa,NEGATIVE
MaÃ±ana arranca CUARENTENADÃA1Temporada 3,NEUTRAL
Amado Dios en esta noche quiero poner en tus amorosas manos mis anhelos mis temores y todo mi ser pues en mi vida solo hay paz y bienestar si TÃº estÃ¡s conmigo por favor visita mi hogar mira mi vida y la de mis seres queridos y resguÃ¡rdanos bajo tu amor y tu misericordiağŸ™ğŸ»ğŸ’˜,POSITIVE
Cite con el resto de la frase,NEUTRAL
JAJAJAJAJAJAJJAJAAJAJAJAJA NO PUEDO DEJAR DE VERLO JAJAJAJAJAJAJAJAJ,NEGATIVE
DeberÃ­an verlo antes de irse a dormir esta muy bueno,POSITIVE
Si tan solo entendieramos que los planes de Dios son mil veces mejores que los nuestros entonces no renegarÃ­amos tanto ni nos enojarÃ­amos tanto con Ã‰l,MIXED
Minsalud reportÃ³ mal los datos de hoy son 12 contagiados en Barranquilla y 8 en Soledad,NEGATIVE
AtenciÃ³n empresarios ya estÃ¡ disponible el registro en lÃ­nea para que las empresas de los sectores de construcciÃ³n y manufactura registren los protocolos de bioseguridad que permitan su regreso a la operatividad,NEUTRAL
Me llevo unos cuantos amores entender que no se trata simplemente de â€œamorâ€ se trata de paz El amor de tu vida no es aquel que te hace sentir feliz es el que te da total y absoluta PAZ,POSITIVE
Definitivamente tus labios tienen algo magnÃ©tico,POSITIVE
Si en otra vida volvemos a coincidir hazme el favor y ni me hables,MIXED
NadieAbsolutamente nadie de verdadEl man que me gusta,NEGATIVE
Te besare hasta sentirme tuyo e inventare un mundo para los dos,POSITIVE
Nunca duermo bien pienso mucho,NEGATIVE
DespuÃ©s de cuarentena yo,NEUTRAL
Las buenas decisiones vienen de la experiencia y la experiencia de las malas decisiones,NEUTRAL
Date en tiempos de cuarentena,NEUTRAL
Este perrito es hijo de laika una perrita que rescate del cari que se encontraba en muy mal estadoel se encontraba en un hogar de paso pero maÃ±ana se queda sin casita porfa ayudenme a encontrarle una casita donde pueda quedarse para que no tenga que regresara la callees urgente,NEGATIVE
odio ser cursi porque si me responden seco me dan ganas de llorar jm,NEGATIVE
CartagenaContraElCoronavirusğŸ¦   El Alcalde William Dau Chamat ofrece excusas a la ciudadanÃ­a por los errores cometidos en la asignaciÃ³n de pico cÃ©dula y gÃ©nero y promete que maÃ±ana corregirÃ¡ el decreto 0551 del 26 abril de 2020,NEUTRAL
Amo la playa ğŸ–ï¸ğŸŒŠ,POSITIVE
CartagenaContraElCoronavirusğŸ¦   A partir de maÃ±ana algunos ciudadanos podrÃ¡n gozar de un espacio para la realizaciÃ³n de ejercicio al aire libre ğŸƒâ€â™‚ï¸ğŸš¶â€â™€ï¸Conoce cuÃ¡les son las condiciones,NEUTRAL
Me harÃ­a muy feliz verteâ¤ï¸,POSITIVE
Â¿SerÃ¡ que con una eventual presidencia de  podremos saber quiÃ©nes fueron los verdaderos responsables de este y otros magnicidios,MIXED
Este gusano pasa por el lado mÃ­o borracho y me lo como pensando q es trululu,NEGATIVE
CartagenaContraElCoronavirusğŸ¦   Trabajamos por la ciudadanÃ­a de Cartagena y escuchamos sus opiniones por eso nos permitimos compartir la nueva rotaciÃ³n de pico y cÃ©dula que permitirÃ¡ a todos los dÃ­gitos contar con dÃ­as hÃ¡biles para la realizaciÃ³n de diligencias necesarias,NEUTRAL
La caja no cuadra,NEGATIVE
Sirvan el tragoğŸ»ğŸ· que el agua es paâ€ las Matas ğŸŒ±ğŸŒ¿,NEUTRAL
yo bien empoderada sacando alguien de mi grupo de trabajo yo bien estÃºpida 5 min despuÃ©s,NEGATIVE
Quien no conoce a Dios a cualquier santo le reza ğŸ’ğŸ½â€â™€ï¸,NEGATIVE
El micro y yo historia de un amor loco ğŸ’™,POSITIVE
Debe ser muy hpta que se te muera el amor de tu vida,POSITIVE
Si el 2020 fuera un personaje,MIXED
Este tweet solo es para mujeres Las leo mis princesas ğŸ‘€,NEUTRAL
Denle una oportunidad al bofe es delicioso ğŸ¤¤,POSITIVE
Musicalizar yaaa no me guantÃ©,NEGATIVE
â€œTenemos que hablarâ€,NEUTRAL
Si hay algo que sÃ© es decir justo lo que sientes sin saberloBuenas noches,POSITIVE
Jajaja las putas amas,NEGATIVE
Cosas en las que me quiero subir,NEUTRAL
Mi hermanito arreglo asÃ­ mi cama para que lo dejara dormir conmigo Es lo mÃ¡s lindo ğŸ˜,POSITIVE
La vista de mi ventana es lo Ãºnico que mantiene la esperanza de que todo esto pase,POSITIVE
AquÃ­ cuadrando todo para despuÃ©s de la cuarentena ğŸ˜‚,NEUTRAL
AquÃ­ tambiÃ©n porque me gustÃ³ ğŸŒ›ğŸŒœ,POSITIVE
AquÃ­ tambiÃ©n,NEUTRAL
Que se acabe la pandemia te lo pedimos SeÃ±or AsÃ­ le cantan a la vida los campesinos de SocotÃ¡,NEUTRAL
RIP a toda mi ropa que dejÃ© en TunjağŸ˜­,NEGATIVE
De buena solo la carita ğŸ˜Š,MIXED
Un lindo y tormentoso recuerdoğŸ€â¤ï¸,POSITIVE
JAJAJAJAJA,POSITIVE
Que tal este paisaje ğŸ˜ La Plata Huila Colombia ğŸ‡¨ğŸ‡´Foto ğŸ“¸ Mario portillo,POSITIVE
El corazÃ³n de una Paula Valentina Laura Alejandra Daniela Andrea Natalia,NEUTRAL
Este es uno de los venados que se ha visto en la parte baja de la vereda Hormezaque del municipio de TascoPor estos dÃ­as de aislamiento los animales retornan a lugares de los que han sido desplazados sigamos en sintonÃ­a con nuestra tierra cuidÃ¡ndola siempreğŸ“½ï¸ Comunidad,NEGATIVE
Otro ejemplo de correcciÃ³n de colores donde es mÃ¡s evidente el filtro verde en la sÃ©ptima pelÃ­cula de DBZ,NEUTRAL
Yo te amoğŸ¤¤,NEUTRAL
Yo no sÃ© ustedes pero creo que los campesinos se merecen todo el apoyo del pueblo,POSITIVE
Todos los docentes de EDURADIO quieren darles un saludo muy especial a todos los niÃ±os,POSITIVE
Hombres tratando de llamar la atenciÃ³n,NEUTRAL
Noo por quÃ© mi parcerooğŸ˜­ aÃºn no te tocabaağŸ˜­El parcero,MIXED
Mantengo enchimbado,NEUTRAL
De las 39338 vistas 39337 son mÃ­asğŸ’˜ğŸ’˜ğŸ’˜,NEUTRAL
MorÃ­ con su nariz  â•¹â–½â•¹,NEGATIVE
A paz ğŸ”las otras estÃ¡n reservadas para only fans,MIXED
Clases nocturnas,NEUTRAL
Los polÃ­ticos de la izquierda se imitan dejan las pruebas de sus metidas de pata en la RS y en los medios MaÃ±ana lo Ãºnico que va a empezar es una etapa de alistamiento y registro la seÃ±ora confiesa que no habÃ­a gobernado Â¡QuÃ© barbaridad,NEGATIVE
El 11 de abril de 1951 el presidente de los Estados Unidos Harry S Truman destituyÃ³ de su cargo al general del ejÃ©rcito Douglas MacArthur despuÃ©s de que este declarara pÃºblicamente contradiciendo las polÃ­ticas de la administraciÃ³n El que manda manda seÃ±ora LÃ³pez,NEUTRAL
Jorge Humberto Agudelo deberÃ­a estar en el grupo de Ã­dolos del Once Caldas pero ustedes no estÃ¡n listos para esta discusiÃ³n,NEUTRAL
Pero sin bloquearme por fisssssğŸ˜­ğŸ˜­ğŸ˜­ğŸ˜­ğŸ˜­ JAJAJAJAJAJAJA,NEGATIVE
TÃ³xicos ğŸ˜‚,NEUTRAL
Que par de genios por DIOS,NEGATIVE
Que chimba un man con el que se pueda hablar de todo y no te aburra,MIXED
Que no falte la trotada los domingos ğŸ¥µ,NEGATIVE
JAJAJAJAJAJA ayyy por dios ğŸ˜‚,POSITIVE
Y albergando ilusiones ğŸ˜‘,NEUTRAL
Profe gracias mil gracias,POSITIVE
Haciendo fotosÃ­ntesis,NEUTRAL
He visto muchos KDramas y puedo decir que la hermana de Kim Jongun parece la villana de la historia ğŸ˜³,POSITIVE
Pues las tres me gustaron asÃ­ que para acÃ¡ tambiÃ©n van,POSITIVE
ğŸ‘‰ğŸ‘Œ como siempre,POSITIVE
Una pena los q se creen los sorteos jaja quien va a querer sortear 30 lucas,MIXED
Tropas del BatallÃ³n de Servicios NÂ°12 de la Brigada12 que han apoyado a la comunidad con jornadas sanitarias y asistencia humanitaria en desarrollo de OperaciÃ³nSanRoque compartieron almuerzo de compaÃ±eros conâ€¦,NEUTRAL
El Grupo de CaballerÃ­a NÂ°12 de la Brigada12 y el BatallÃ³n de AcciÃ³n Integral NÂ° 6 se unieron a mercado campesino de la comunidad de CorcaraÃ±o quienes buscan a travÃ©s de este canal de comercializaciÃ³n garantizar elâ€¦,MIXED
Look coviquero me colombia instapic suaceÃ±o instagram en Florencia Caqueta,NEUTRAL
PorTuVidaPorMiVida Colombianos Â¡si la descargamos salimos de esta mÃ¡s fÃ¡cil y rÃ¡pido Cuida tu salud y la de los que mÃ¡s quieres DescargaCoronApp aquÃ­,NEUTRAL
Tiene q volver esa tribuna para la banda ğŸ˜«,POSITIVE
Ni modo es viernes  ğŸ˜©ğŸ¤·ğŸ»â€â™€ï¸,NEGATIVE
Haces Falta Marianita ğŸ¥°ğŸ¥°ğŸ¥° en Florencia Caqueta,NEUTRAL
Se me hace o a todos les agarro ganas de tener mas seguidores en ig ğŸ¤”,POSITIVE
Para que haya reconciliaciÃ³n  debe existir Justicia y no impunidad Colombia,NEUTRAL
No me alcanza hacer video llamada  3 4 o mÃ¡s veces todos los dias No me alcanzan los audios de mis sobrinos diciÃ©ndome que me aman y que esperan que se vaya el vidus para venir a jugar y ver pelis Necesito verlos  EstÃ¡n creciendo mucho y no los tengo enfrente,MIXED
Como reniego con matematica no cazo una,NEGATIVE
ğŸš¨ğŸš¨ComboğŸš¨ğŸš¨ğŸ”Hamburguesa de Res  ğŸŸPapa a la Francesa y Gaseosa Miniâ™¨â™¨ 10000â™¨â™¨ğŸš´930 PMğŸ“±3122364046ğŸ“±3182013323swaybufalohamburguesadebufalo en Sway Sabores Que Marcan La Diferencia,NEUTRAL
YouTube CafÃ© de la MaÃ±ana Oficial en Florencia Caqueta,NEUTRAL
Te amo ğŸ§¡ en Florencia Caqueta,POSITIVE
â™¨Sway Sabores que Marcan La Diferencia ofrece su promociÃ³n por tiempo de Cuarentena en sus Hamburguesas BÃºfalo ResğŸ‘‰Obsequio 1Porcion de Papa y 1Gaseosa MiniğŸ‘ ğŸ”ğŸŸğŸ¶ğŸš´1000 am a 1000 pm ğŸ‘‰ğŸ” de BufaloğŸ‘‰ğŸ” de ResğŸ“± ğŸ“±3122364046,NEUTRAL
Cumpliendo con el Decreto 464 de 2020 que declara a las Telecomunicaciones como un servicio pÃºblico esencial expedimos la ResoluciÃ³n 639 de 2020 que define 20 sitios web para navegaciÃ³n gratuita a usuarios conâ€¦,NEUTRAL
Acaba de publicar un video en Florencia Caqueta,NEUTRAL
,NEUTRAL
Porque aÃºn en los dÃ­as mÃ¡s oscuros siempre hay un motivo para sonreÃ­r en Yopal Casanare,MIXED
Acaba de publicar una foto en LOSA SERVICIO DE INGENIERIA Civil Engineering,NEUTRAL
Acaba de publicar una foto en Publicars Yopal,NEUTRAL
VALOR 44000000Marca RENAULTLÃ­nea  DUSTER DINAMIQUE 4X4Clase SUVTipo CAMPEROModelo 2017Motor 2000Kilometraje 90200Color GRIS COMETTapicerÃ­a  TELAPlaca YOPALDirecciÃ³n HIDRÃULICAExploradorasâ€¦,NEUTRAL
Publicars de Colombia Concesionario de VehÃ­culos Usados Carrera 14 No 2226 YopalInformaciÃ³n 3114402929  313 4142856 en Publicars Yopal,NEUTRAL
VALOR  21500000Se Vende ESPECTACULARSPARK GT MODELO 2013KILOMETRAJE 88000PAPELES AL DÃAINFORMACIÃ“N 3114402929  3134142856Publicars de Colombia Concesionario de VehÃ­culos Usados Carrera 14 No 22  26â€¦,NEUTRAL
VALOR 108000000Marca RENAULTLÃ­nea  NEW KOLEOSClase CAMPEROTipo 44Modelo 2020Motor 2488Kilometraje 7836Color GRIS METÃLICOTapicerÃ­a  CUEROPlaca BOGOTÃDirecciÃ³n HIDRÃULICAExploradorasâ€¦,NEUTRAL
Se Vende EspectacularSpark Ls Modelo 2010Valor  13300000Kilometraje 118000Papeles al DÃ­aLlantas BuenasAire acondicionadoInformaciÃ³n 3114402929Publicars de Colombia Concesionario de VehÃ­culos Usadosâ€¦,NEUTRAL
Casanare Se entregarÃ¡n paquetes nutricionales a estudiantes del PAE,NEUTRAL
Casanare COVID19 Cinco son los casos recuperados de COVID19 en Casanare,NEUTRAL
Casanare Corredor humanitario para el retorno de estudiantes aislados en Pamplona,NEUTRAL
Soporte tÃ©cnico de toda clase de computadores MacBook e impresoras recuperaciÃ³n de informaciÃ³n calle 112055calle 29 16bis32 en Yopal Casanare Tierra Del Joropo Y La Mamona,NEUTRAL
Casanare Arledy Alvarado nuevo gerente del HORO,NEUTRAL
Piden ayuda para damnificados por deslizamiento en El Diviso Argelia CaucaLeer,NEUTRAL
El encanto que nos hacÃ­a ğŸ˜ŒÂ¡Ah PopayÃ¡n,POSITIVE
Denuncian que en una gallera vulneran el aislamiento en CajibÃ­o CaucaLeer,NEGATIVE
Holiii ğŸ‘€,NEUTRAL
MaÃ±ana otra vez a la pinche ciberescuela ğŸ™ƒ,POSITIVE
Paso a pasito lunar a lunar,NEUTRAL
La clave estÃ¡ en aumentar el distanciamiento y reducir la brecha,POSITIVE
Amo estar asÃ­,POSITIVE
AsÃ­ cuando eres orgulloso de lo que haces y lo subes en todas tu redes ğŸ˜…,POSITIVE
Bien material,POSITIVE
Hoy mi compaÃ±era me sorprendiÃ³ con un almuerzo me siento como los reyes ğŸ¤©,POSITIVE
He expresado mi desacuerdo con directriz del Gbno  que a travÃ©s del DNP ha â€œpriorizadoâ€ la poblaciÃ³n vulnerable Esta foto de entrega de kit en pleno sector histÃ³rico estrato 4 mientras en barrios hay bloqueos por hambre Â¡IndignanteConcejalDeLaGente,NEGATIVE
Pico y cÃ©dula hasta el domingo 10 de mayo en PopayÃ¡nCO,NEUTRAL
SeÃ±or Ipiales tengo miedo â˜¹,NEGATIVE
â€”Venga Luis hÃ¡game un XIV,NEUTRAL
AquÃ­ vamos una vez mÃ¡s ğŸ–Šï¸ğŸ“šğŸ’»,NEUTRAL
Que pareja o chika para maÃ±ana en la noche,NEUTRAL
442 PM Mejorando la cuarentena ğŸ˜,NEUTRAL
No me hablen de belleza si no vieron a Linda Carter Ella fue esculpida por los dioses del Olimpo,NEUTRAL
Vamos a trabajar ğŸ’š,NEUTRAL
Mi futura pareja debe saber que cocino pero no lavo platos barro pero no trapeo,NEGATIVE
AtenciÃ³n Valledupar nuevos cambios en el pico y cÃ©dula A partir de este 27 de abril queda de la siguiente manera,NEUTRAL
Actividades fÃ­sicas y ejercicios al aire libre de manera individual,NEUTRAL
Nuevas actividades exceptuadas del aislamiento preventivo obligatorio,NEUTRAL
Seguimos trabajando en la prevenciÃ³n del COVID19 en ValleduparEntra en vigencia desde este lunes 27 de abril el nuevo pico y CÃ©dula lunes 01,NEUTRAL
Estas foticos me dan vida porque la risa es lo que mejor compartimos Ã©l y yo lo extraÃ±o muchisimo,POSITIVE
NO HAY DERECHO A SER TAN INCONSCIENTE ğŸ˜,NEGATIVE
Ojo al dato,MIXED
El Pianista y productor Robert MezaJoe ArroyoEl Mulato de Fuego y Diomedes DiazEl Cacique y los tres murieron jovenes,NEGATIVE
Erdaaaaa nojoda,NEGATIVE
por si quieren llorar un raticoğŸ¥ºğŸ¥ºğŸ˜ğŸ¥°,MIXED
AquÃ­ no pueden faltar ğŸ˜‹,POSITIVE
ESTHER EXPÃ“SITOCarla en Ã‰lite de NetflixIlustraciÃ³n  Proceso,MIXED
Fotos  Un esplendor amarillo se tomÃ³ la soledad de las calles deÂ Valledupar,NEUTRAL
Todos los vallenatos sabemos que cuando nuestras calles estÃ¡n vestidas de amarillo es porque debemos celebrar nuestra culturaEn esta fechacada aÃ±orecordamos quienes somos hoy no podemos olvidar que somos resistentes a las adversidadesNuestro  hoy se vive en casa,POSITIVE
Imagina que te dediquen Amor a 7 mares de Poncho,POSITIVE
Hermoso caÃ±aguate florecidoAyyyyy mi valle,POSITIVE
Todos los mÃ©dicosen cierto modo conocemos al Dr Anthony Fauci antes que Trump lo hiciera famoso,NEUTRAL
Ahora si quedamos lindos adiÃ³s humanidad,POSITIVE
Â¿Juanito deme una sola razÃ³n para no investigar a Elsa NogueraCon esta basta y sobra ProfeğŸ‘‡,NEUTRAL
Gracias a Dios por tiâ¤ï¸,POSITIVE
Terapia anti estres para inicio de semana ğŸ’†ğŸ¾â€â™‚ï¸ğŸƒğŸ§˜ğŸ¾â€â™‚ï¸ğŸ”ŠSiempre majestuoso el Atrato,POSITIVE
DECIJUPRO un encuentro sabatino de permanente aprendizaje,NEUTRAL
Con la bendiciÃ³n de haber cantando en casa de ver a tantos amigos de escucharlos cantar de ver bailar a nuestra gente oficialmente arranca un aÃ±o que promete ser muy muy musical Infinitamente gracias en losâ€¦,POSITIVE
MÃ¡s de 500 personas se reuniÃ³n Hoy en QuibdÃ³ para participar en la consulta  gracias a la  por su participaciÃ³n,NEUTRAL
Les presento al seÃ±or majestuoso Arroz de LecheğŸ˜‹,POSITIVE
Los aterdeceres de mi tierra tbt,POSITIVE
Â¿QuiÃ©n es usted Soy estudiante No lo escuchÃ© Soy estudiante soy Yo quiero estudiar para cambiar la sociedad Viva la lucha popular ğŸ™ŒğŸ¾marchaestudiantil marchaestudiantil,NEUTRAL
Si nos preguntan acerca del acuerdo de paz con las FARC les diremos SÃ­ nuestras comunidades necesitan el cumplimiento del acuerdo Nosotros necesitamos Paz  Arjemiro BailarÃ­n lÃ­der indÃ­genaSr  y demÃ¡s por favor NoEnredenLaPazSÃ­ALaPaz,MIXED
MÃ¡s de lo que soÃ±Ã© mi reina ğŸ¥ºğŸ¥°ğŸ˜,POSITIVE
Amarte es pocoFeliz cumpleaÃ±os vida mÃ­a ğŸ’ğŸ˜,POSITIVE
Orgulloso soy atrateÃ±o â¤ï¸,POSITIVE
SIPPO ğŸ‡¨ğŸ‡­ en alianza con  y  en la Ruta Exportadora de Turismo en CHOCO Hoy Taller YoExportoTurismo con  Fortaleciendo capacidades en regiones para posicionar a Colombia ante el mundo como un destino de TurismoSostenible ğŸƒ,NEUTRAL
RendiCuentasEJC  Durante el primer semestre de 2019 el EJERCITO a travÃ©s de EJC ha entregado 24 municipios libres de sospecha de contaminaciÃ³n de minas asÃ­ como 1Â´226479 mÂ² de Ã¡rea despejada acumulada y se lograron ubicar y destruir 85 minas antipersonal,NEUTRAL
Avances positivos  hoy en la mesa del paro cÃ­vico del choco ColombiaTierraDeAtletas,NEUTRAL
Estamos agradecidos con California Baptist University especificamente con el Coach Hardy Asprilla de CÃºcutaColombia quiÃ©n donÃ³ equipo de trabajo para los jovenes del equipo,POSITIVE
Ahora nos reunimos con Maria Palacios Directora  en ChocÃ³ con el objetivo de diseÃ±ar lÃ­neas de trabajo interinstitucionales para apoyar y articular gestiones en pro de la seguridad y bienestar de las comunidades del norte del departamento,NEUTRAL
El seÃ±or Coronel Dario Cardona CastrillÃ³n nuevo Comandante de la CampaÃ±aMilitarPolicialTitÃ¡n pondrÃ¡ al servicio de la tranquilidad del ChocÃ³ todo su conocimiento y experiencia Buen pulso para aumentar la EfectividadOperacional en la regiÃ³n,POSITIVE
En la maÃ±ana de hoy el equipo del pueblo se preparÃ³ para emprender un viaje a San JosÃ© de TadÃ³ donde se llevarÃ¡ a cabo la inauguraciÃ³n del renovado Polideportivo Municipal desde las 200 pm Los esperamos,NEUTRAL
Tengo todos ğŸ˜,POSITIVE
Para muchos esta cuarentena es lo mejor que les ha pasado Me apunto en esa lista Una renovaciÃ³n necesariağŸ‘ŒğŸ»,POSITIVE
Miradas que matanğŸ˜‚,POSITIVE
OJOnuevas actividades permitidas solo podrÃ­an entrar a operar cuando hayan adoptado protocolos de bioseguridad establecidos en ResoluciÃ³n 666 del 24 de abril2020 del Minsalud y en los protocolos que este establezca para cada sector coordinados con secretarias Mpales de saludğŸ‘‡ğŸ¼,NEUTRAL
EEUU Debe enjuiciar a todos los cÃ³mplices del narcoterrorismo de Maduro carteles de las farcELN los soles miren condenan un aliado de Santrich para cuando IvÃ¡n Cepeda y los demÃ¡s cÃ³mplices,NEGATIVE
Les comparto mi declaraciÃ³n en la WRadio respecto al tema de los chats claramente se ve que no soy la persona que escribe soy un damnificado mÃ¡s de esta situaciÃ³nğŸ™ğŸ¼,NEGATIVE
Imposible olvidar este tema,NEGATIVE
Para no perder la costumbre,NEUTRAL
Me dice un amigo Contratista Papi estamos mamaos Concejales Diputados y hasta Alcaldes quieren ser contratista esto nos estÃ¡ acabando,NEGATIVE
El Sr Teodoro IbÃ¡Ã±ez Prada pensionado de Unicordoba incita a los Monterianos para que salgan maÃ±ana lunes 27 de Abril a protestar masivamente propiciando la alteraciÃ³n del orden pÃºblico y la violacion a los decretos de cuarentena â¦â© â¦â©,NEGATIVE
QuÃ© serÃ­a de mÃ­ sin mis porteros ğŸ˜ğŸ˜ğŸ˜ğŸ˜ğŸ˜ğŸ˜ lojamoooo jajajaja,POSITIVE
Hice empanadas,NEUTRAL
Por acÃ¡ les dejo esta sugerencia MonterÃ­a,NEUTRAL
Este es el pico y cÃ©dula que regirÃ¡ a partir de maÃ±ana lunes 27 de Abril CÃ³rdobaSeQuedaEnCasa,NEUTRAL
Y estos menos jajaja,NEGATIVE
QUÃ‰ GONORREA ğŸ˜¨,NEUTRAL
Confirmen,NEUTRAL
Ser periodista y ejercer veeduria ciudadana no puede ser visto como un delito y mucho menos considerados como delincuente la veeduria es quien garantiza que las ayuda lleguen al pueblo apoyo a  Mauricio Javier Castilla Castro periodista y veedor,NEUTRAL
Buenasss vengo a chicanearles mi torta de limonada de coco,POSITIVE
En CÃ³rdoba campesinos y vÃ­ctimas asentados en las parcelas Palma de Chipilin San Francisco y Santa Cruz en medio de sus limitaciones donaron tonelada y media de yuca a sectores subnormales de MonterÃ­a,NEGATIVE
Que dolor le han causado los Gobernantes a este paÃ­s Satanizaron todo lo que no se parecÃ­a a ellos asesinaron en nombre de la patria y jamÃ¡s educaron con la historia real del paÃ­s Que daÃ±o nos hizo la ultraderecha ğŸ¥º,NEGATIVE
PelÃ© el miope que se hizo un futbolista legendario,NEUTRAL
YA SABEMOS QUIEN es el PROVEEDOR de los 640000 test falsosINTERPHARMA S A Empresa  vinculada al PSC  en Santa Coloma de Gramanet Especializada en dermocosmÃ©tica y lociones de piojosContrato de 18032017 millones de Euros 7 mill por adelantadoâ¬‡ï¸â¬‡ï¸,NEUTRAL
Â¡Tenga en cuenta AÃºn no hay empresas habilitadas para empezar a operar este lunes 27 de abril La alcaldesa  hablÃ³ al respecto â†“,NEUTRAL
A ver todos los que no lloraron hoy por favor me hacen una fila para ponerles su respectivo sticker,POSITIVE
â€˜La deforestaciÃ³n va a un ritmo exagerado con o sin pandemiaâ€™â€¢ ProcuradurÃ­a delegada de asuntos ambientales solicitÃ³ crear un registro de zonas deforestadas Lea aquÃ­ la entrevista completa â–º,NEUTRAL
Ando en esta relaciÃ³n frente a la vida,NEUTRAL
AdemÃ¡s de los 3 kilos que me generÃ³ la ansiedad me acabo de encontrar mis 3 primeras canas Me tiene jodido el Matarife pero no le aflojoya verÃ¡n Ya verÃ¡n Van a VER mis letras dando batazos en la pantalla Batazos,MIXED
Ya q la Gordis decidiÃ³ pagar las 100 barras del Comparendo y cree q ya todo se solucionÃ³ xq los mamerts estÃ¡n aplaudiendo su supuesta valentÃ­adeberÃ­an Mirar las cÃ¡maras cercanas el dÃ­a de la infracciÃ³n xa darnos cuenta q la alcaldesa mintiente Par de delincuentes tramposas,NEGATIVE
AngÃ©lica Lozano recibiÃ³ comparendo por infringir la cuarentena â–º,NEUTRAL
Mi situaciÃ³n no es la mejor El tipo que mÃ¡s me quiere matar es el que me tiene que cuidar Â¿Ah Â¿Que chimba no,NEGATIVE
Que enredo tanto decreto parce,NEUTRAL
Si uno la embarra lo reconoce y lo asume Bien  ğŸ‘,MIXED
AngÃ©lica Lozano sÃ­ incumpliÃ³ la cuarentena lo aceptÃ³ y pagarÃ¡ comparendo,NEUTRAL
MaÃ±ana lunes 27 de abril seguimos con las medidas anteriores Y vamos a iniciar el registro de los protocolos de bioseguridad y movilidad segura Una vez verifiquemos lentamente despuÃ©s del 11 de mayo empezarÃ¡n a funcionar paulatinamente los sectores,NEUTRAL
Con respecto al deporte al aire libre  aclarÃ³ que los mayores de 18 y menores de 60 podrÃ¡n salir a hacer deporte cerca a su casa Deben usar tapabocas no deben tener contacto con nadie y en un horario de 600 am a 1000 am Ãºnicamente por una hora mÃ¡ximo,NEUTRAL
Gracias por sintonizarnos y por elegir la independencia Los invitamos a ver nuestras noticias en,POSITIVE
Bogotanos podrÃ¡n salir a hacer deporte Ãºnicamente durante una hora entre 600 am y 1000 am,NEUTRAL
No hay derecho a que tengamos los bogotanos a aguantarnos a una dictadorzuelaPor favor  pÃ³ngala en su sitio,NEGATIVE
QuÃ©dateencasa y disfruta de la naturaleza desde tu camita ğŸ’šğŸ¦ğŸ™‚birds birdwatching bird nature wildlife birdsofinstagram birdphotography birding naturephotography wildlifephotography best ig ofâ€¦,POSITIVE
NoticiasCaracol  asÃ­ los habitantes del Ãºnico municipio del Departamento del GuainÃ­a nosquedamosencasa 2 dÃ­a de Toque de queda,NEUTRAL
OpiniÃ³n â€œObjeto de la ciencia de policÃ­aâ€ es un agente modulador de la autoridad del Estado cuyo interÃ©s es todo aquello que tiene derecho a vivir y estÃ¡ arraigado en las fibras mÃ¡s Ã­ntimas de la sociedad aquÃ­ mi columna de la semana â¤µ,NEUTRAL
Un atardecer en la AmazonÃ­a colombianağŸ”A quÃ© pueblito sabroso se les pareceğŸ™Š,NEUTRAL
Un atardecer en inirida  guainia son pocos los privilegiados que podemos darnos el lujo,POSITIVE
Les vengo a regalar este atardecer,POSITIVE
DiaMundialDeLosHumedales Â¿QuÃ© es un humedal Â¿Por quÃ© es importante protegerlos Â¿Un rÃ­o es un humedal Â¿QuÃ© tiene que ver esto con los cerros de Mavicure Abrimos hilo para responder  estas dudas,NEUTRAL
OpiniÃ³n â€œPlaneaciÃ³n estratÃ©gica en el fortalecimiento de la seguridad ciudadana cooperaciÃ³n internacionalâ€ comparto la columna escrita para el periÃ³dico de  en su 138AÃ±osDeServicioPolicial felicitaciones por todo el trabajo que hacen por los hondureÃ±os,NEUTRAL
La postal de hoy viernes en la comunidad Coco Viejo InÃ­rida GuainÃ­a tierra de muchas aguas ğŸ”¥ğŸŒ photooftheday photographer,NEUTRAL
Experiencias increÃ­bles por la geografÃ­a particular de GuainÃ­a Compartir con la gente los estudiantes y con el apoyo de la SecretarÃ­a de EducaciÃ³n del GuainÃ­a podemos llevar el PoderDigital de  a todo el territorio nacional ApropiaciÃ³nTIC,POSITIVE
De GuainÃ­a Colombia La Corona FotografÃ­a tomada en el Muelle de InÃ­rida Leonardo Bernal ChonomixTurismocolombia turismo,NEUTRAL
En InÃ­rida la comercializaciÃ³n final de la harina de yuca o moÃ±oco se realiza en el puerto aÃºn no hay central de abastos,NEGATIVE
asi fue mi atuendo y a quien le lanzo la flecha Jajajaj  Puertoâ€¦,POSITIVE
Colombia es uno de los paises mÃ¡s Biodiversos del mundo pero falta valor agregado invertir en tecnologÃ­a,MIXED
Los planes de los acuerdos regionales serÃ¡n la clave para desatrazar los proyectos teniendo actores en cada regiÃ³n,NEUTRAL
Incrementar el Fondo Nacional de RegalÃ­as que en este momento estÃ¡ en un 60,NEUTRAL
Se invita a toda la comunidad de InÃ­rida a ponerse la camiseta blanca por la paz el dÃ­a 13 de enero de 2015 DENUNCIA,NEGATIVE
En este punto convergen cuatro rÃ­os vitales de la AmazonÃ­a InÃ­rida Guaviare Orinoco y Atabapo estrellafluvialdelS,NEUTRAL
El GuainÃ­a siempre me trae cosas buenas Llego y tengo la leve confianza de que todo estarÃ¡ bien ğŸŒ³ğŸŒ³ğŸŒ³,POSITIVE
RÃ­o InÃ­rida se mezcla con el RÃ­o Guaviare Ramsar Estrella Fluvial de InÃ­rida,NEUTRAL
ğŸ–¤ en San JosÃ© del Guaviare,NEUTRAL
Sobre la serranÃ­a de la lindosa sorprenderte es muy fÃ¡cil somos una mezcla de llano selva y momtaÃ±a Gracias  xiomicelis por compartir esta foto de tu visita a este pedacito de cielo en Cerro Azul San Joseâ€¦,POSITIVE
El lugar es importante pero la compaÃ±Ã­a lo es masTodos podemos unidosFoto enviada por paopinillarGracias por compartir tu felicidad con nosotros ecoturismoguaviare en San JosÃ© del Guaviare,POSITIVE
Para empezar el dÃ­a un amanecer del puente NowenHoy en dÃ­a con paso restringido por la Pandemia pero siempre serÃ¡ la puerta grande del GuaviareGracias a Camilo Acosta por compartir Instagram camiloacosta21 enâ€¦,NEUTRAL
Guaviare puede guardar tantos secretos que no te los imaginas Pronto volveremos en San JosÃ© del Guaviare,NEUTRAL
Les presento lo que me trasnocha y a lo mas tÃ³xico que tengo en mi vida ha intentado matarme pero aun asÃ­ la amo ğŸ™„,MIXED
Ensayando pipeisazaâš¡ï¸ la reina ğŸ‘¸ğŸ»â¤ï¸âš¡ï¸,NEUTRAL
Y despuÃ©s de mas de 10 aÃ±os le da por volver a volarğŸ˜¬ hay donde ven a mi viejo tiene mas horas de vuelo que un pajaro pichonğŸ™„ viejo gracias por enseÃ±arme lo lindo de la aviaciÃ³nğŸ™,POSITIVE
Feliz dÃ­a al papi mÃ¡s guapi bravo y dedicado de todos no sÃ© cÃ³mo retribuirme tanto esfuerzo y amorğŸ§”ğŸ»â¤ï¸,POSITIVE
Si se puede vivir del bosque VisiÃ³n estÃ¡ trabajando para lograrlo JosÃ© Yunis Coordinador de VisiÃ³n AmazonÃ­a   AmazonÃ­aSinDeforestaciÃ³n,NEUTRAL
Este es Cerro Azul Ãºltimas estribaciones al norte del complejo rocoso del Chiribiquete Amazonia colombiana AquÃ­ yacen pinturas rupestres que se extienden por toda esta regiÃ³n de sur aâ€¦,NEUTRAL
Cuando la tierra respira frente a uno y la inmensidad te sobrepasa el ego se encogeEstas son nuestras selvas colombianas que evaporan dÃ­a a dÃ­a millones de partÃ­culas de agua queâ€¦,NEGATIVE
A mÃ­ me dicen no y es no y punto Yo no me pongo a rogar,NEGATIVE
Les presento a mi mamÃ¡ y a mi hermanito mayor,NEUTRAL
Dios bendiga mi negocio,POSITIVE
Para que casa sola si uno estÃ¡ mÃ¡s solo que la casa ğŸ’”,POSITIVE
No hay aviador viejo que sea tonto ni aviador tonto que llegue a viejo ğŸğŸ›©â›…ğŸƒ,NEGATIVE
Siempre presentes ğŸ’šToda mi vida con esta pasiÃ³n ğŸ’š  AtleticoNacional,POSITIVE
NuevaFotoDePerfil como para que ardan mas mis tweets Y por favor Repiteloooo,NEUTRAL
La canciÃ³n del aÃ±o ğŸ¥º,NEUTRAL
JAJAJAJAJAJAJAJAJAJAJAJAJAJAJAJAJAJAJAJAJA NOOOO PUEDO ğŸ˜©ğŸ˜©ğŸ¤£ğŸ¤£ğŸ¤£,POSITIVE
Mi amiga es un amor,POSITIVE
Quieres,MIXED
Llevaba dÃ­as sin arreglarme,POSITIVE
Un poco de sol,NEGATIVE
No es mÃ¡s,MIXED
VICKY TREMENDA GUARICHAENTREVISTÃ“ A LA SEÃ‘ORA CACASY CASI LLORA DEFENDIENDO A SUPUYON RECIEN LEGRADO,NEGATIVE
FIEL COPIA DE COMO EL DINERO FÃCILACABA CON LA DIGNIDAD Y PROFESIONALISMODE UNA MUJER,POSITIVE
Quiero volver a esta Ã©pocağŸ¥ºğŸ˜”,POSITIVE
ğŸ’ƒğŸ¼ bachata para el alma,NEUTRAL
Parce ya estoy muy gordo Hpta ğŸ–ğŸ–,MIXED
PintÃ© mis zapatos y son tan yo  ğŸ¤ªğŸŒˆ,NEGATIVE
TOSTAO VALENCIA URIBESTIAS LEALESLO QUE ES CON URIBEES CONMIGO O NO,NEUTRAL
Visitas que alegran el dÃ­a,POSITIVE
Esperando que pase el desfile ğŸ‡¨ğŸ‡´,NEUTRAL
Oigannn ğŸ¥º,NEUTRAL
Que numero eres ğŸ¤£ğŸ¤£,NEUTRAL
â€œLas achiras son feasâ€â€” Yo,NEGATIVE
MÃ¡s que agradecÃ­da Gracias padreğŸ™ğŸ¼ğŸ¥° tal como te la pedÃ­ ğŸ’– Dios te guarde y Bendiga siempreğŸ™ŒğŸ¼ğŸ’–ğŸ˜,POSITIVE
mira este lujo que me estoy leyendo en tiempo de cuarentena,NEUTRAL
Voluntariado activo en los barrios de Riohacha dispuestos a cambiar la historia Gracias muchachos gracias Alcalde  y gracias  por apoyar estas iniciativas que aumentan el sentido de pertenencia por nuestro Distrito RiohachaCambiaLaHistoria,POSITIVE
La Guajira tiene tantas lugares divinos ğŸ˜,POSITIVE
268 KilÃ³metros para venir a verla Barranquilla  Riohacha ojalÃ¡ y valga la pena ğŸ™ Te quiero mucho mi amorcito ğŸ’,POSITIVE
El sol es mÃ¡gico â˜€ï¸ğŸŒŠ,POSITIVE
Mesa de trabajo entre SENA y CerrejÃ³n  AcercÃ¡ndonos para conocer el detalle de la convocatoria de formaciÃ³n Especializada para empresas OpciÃ³n para seguir Garantizando la mejor formaciÃ³n de nuestros empleados y una transferencia de conocimiento al  Etorrealba24,NEUTRAL
GRACIAS RIOHACHA  â£ï¸Me diste los mejores 6 atardeceres de mi vida cada dÃ­a uno tan diferente te baile te goce conocÃ­ tu gente y aprendÃ­ mas de tu cultura fue un placer hacer parte de tu Carnaval VolverÃ© pero no despuÃ©s de 26 aÃ±os serÃ¡ mÃ¡s pronto de lo que crea  â¤ï¸,POSITIVE
AEstaHora Gobernador de La Guajira  preside sesiÃ³n ordinaria del Consejo Superior de  En ella socializa cÃ³mo van las acciones adelantadas ante el gobierno nacional para garantizar la estabilidad financiera de la Alma Mater,NEUTRAL
Decian que vivir de bailar no me  llevaria a nadaY qui estoy yo disfrutando de ese nada,NEGATIVE
La esperanza es el Ãºnico sentimiento  mÃ¡s fuerte que el miedo Por eso llenate de esperanza como herramienta para no peder las ganas no caigas en el ciclo de la queja y de la crÃ­tica Que si bien libera angustias realmente no construye nada en ti ni en tu entorno,MIXED
Esta sonrisa es porque despuÃ©s de 14 aÃ±os me reencontrÃ© con el mar,POSITIVE
AmÃ© este filtroğŸ˜,POSITIVE
AÃ±o laboral bastante pesado pero con la satisfacciÃ³n del deber cumplido Tengo la certeza que el 2020 serÃ¡ aÃºn mucho mejor y sobre todo bendecido Vienen cosas buenas y grandes Gracias DIOS ğŸ™ğŸ»ğŸ™ğŸ»ğŸ™ğŸ»ğŸ™ğŸ»ğŸ™ğŸ»ğŸ™ŒğŸ»ğŸ™ŒğŸ»ğŸ™ŒğŸ»,MIXED
Mi Guajira hermosa ğŸ˜ğŸ’¯,POSITIVE
Saliendo rumbo a bquilla con toda apoyar al tiburÃ³n  dos buses llenos de hinchas con la ilusiÃ³n y la fÃ© intacta hoy iniciamos el camino rumbo a la 10ma con Dios por delante,POSITIVE
Atardecer en La Guajira con  en la mar,NEUTRAL
Nuestro agradecimiento a Gerardo Cujia y todo su equipo por el acompaÃ±amiento y voto de confianza durante las pasadas elecciones Su respaldo cariÃ±o y conexiÃ³n con nuestro proyecto de trabajo nos ayuda a seguir fortalecidos para servirle bien a Uribia y a todo el departamento,POSITIVE
Positivo,POSITIVE
Ya pueden decirme contador pÃºblico gracias Dios mÃ­o por este nuevo logro,POSITIVE
Reiteramos que sigue el aislamiento preventivo obligatorio hasta el 11 de mayo Las empresas de manufactura y construcciÃ³n se reactivarÃ¡n paulatinamente de forma organizada en la medida que establezcan los protocolos de bioseguridad,NEUTRAL
Cuando el que no pone ni para el hielo publica â€œextraÃ±o tomarâ€,NEUTRAL
Vive Tu Vida,NEUTRAL
InformeCovid19ğŸ¦  Registramos 132 casos positivos en la ciudad 12 fallecidos y 27 recuperados hasta la fecha El contagio estÃ¡ a unos pasos de los que amas ahora mÃ¡s que nunca QuÃ©dateEnCasaCuÃ­dateSantaMarta,POSITIVE
Que triste realidad ğŸ¤£,NEGATIVE
Relajado,POSITIVE
He convocado a los sectores de construcciÃ³n y de transporte en el departamento para socializar las medidas y protocolos establecidos por el Gobierno Nacional y estudiar las que determinaremos para el departamento,NEUTRAL
A palabras necias oÃ­dos sordos,NEGATIVE
el atardecer de hoy con la Luna Venus y el Morro,NEUTRAL
Aja AndrÃ©s Mauricio que  es lo primero que vas hacer ahora que pase toda esta vainaPues,NEUTRAL
Â¿Turismo virtual Vaya volveremos a los recorridos de Encarta,NEUTRAL
Doblaje latino Uso Carruso,NEUTRAL
Hasta el fondo si no te quedas en casa,NEGATIVE
Hoy en el dÃ­a de la secretaria destacamos el trabajo de quienes hacen que todo funcione Gracias porque ustedes son fundamentales en la buena gestiÃ³n Feliz dÃ­a a quienes con su trabajo incansable hacen que la vida sea mÃ¡s fÃ¡cilDÃ­aDeLaSecretaria,POSITIVE
Aterra ver que Santa Marta y Magdalena sean los Ãºnicos entes territoriales en donde la curva de contagio por coronavirus en vez de aplanarse asciende con una velocidad impresionante Nuestro departamento es el segundo con mÃ¡s enfermos en la costa Caribe colombiana8de9,POSITIVE
AsÃ­ caÃ­ en tus mentiras,NEGATIVE
ğŸ’¡Informamos a todos los samarios que continuamos con el mismo pico y cÃ©dula hasta nueva orden Mantengamos el distanciamiento social para disminuir el riesgo de contagio de Covid19,NEUTRAL
Cumpliendo con nuestra laborğŸ‘©ğŸ»â€âš•ï¸ğŸ’ªğŸ¼,POSITIVE
ConsejoDeSeguridad Ante atroz asesinato del lÃ­der social Alejandro LlinÃ¡s a manos del grupo armado ilegal Las Pachencas en la Sierra Nevada convocamos a EJERCITO   PersonerÃ­a y  a adoptar las siguientes medidas,NEUTRAL
ğ–«ğ–º ğ–¿ğ–¾ğ—…ğ—‚ğ–¼ğ—‚ğ–½ğ–ºğ–½ ğ–¾ğ—‹ğ–ºğ—ƒğ—ğ—€ğ–ºğ—‹ ğ–¼ğ—ˆğ—‡ ğ–¿ğ—ğ–¾ğ—€ğ—ˆğ—’ ğ—ğ—Ì ğ–ºğ—‹ğ–½ğ—‚Ìğ–ºğ—Œ                  ğ–²ğ–¾ğ–½ğ—ğ–¼ğ—ğ—‚ğ—ğ–¾ğ–²ğ—ğ—‡ğ–½ğ–ºğ—’,NEUTRAL
Denuncien por favor esta cuenta VictorM31095568 ğŸ¤®,NEUTRAL
A mÃ­ tambiÃ©n jeje,NEUTRAL
NingÃºn mal te golpearÃ¡,MIXED
Salmo  de Dios,NEUTRAL
Mi gata es la amenazada del aÃ±o en mi casa por estar brincando le daÃ±o el arpa a mi papÃ¡ y nos quiere matar AIUUDAAA,NEGATIVE
Gracias Dios Por Un AÃ±o Mas Los Q Faltan 23 AÃ±os De Vidaâ¤ğŸ•ğŸ”¥,POSITIVE
DESCARGA LA APLICACIÃ“N ğŸ‘†Es gratis ğŸ˜€,NEUTRAL
Bogotanos suenan trompetas apocalÃ­pticas abriendo las puertas del infierno que se les viene,NEUTRAL
Me hiciste la noche loco,NEUTRAL
Vcio hoy es la ciudad con mayor casos COVID por cada 100K hab en el pais la mayorÃ­a son en la cÃ¡rcel esto se convierte en un vector q colapsa la capacidad del sistema de salud en el Meta,NEUTRAL
Holaaaa somos una fundaciÃ³n que busca proteger la vida de perros y gatos en la ciudad de Villavicencio brindando condiciones bÃ¡sicas a los animales abandonados con el fin de mejorar su calidad de vida,NEUTRAL
Todo lo que me gusta es caro lejos o tiene novia,MIXED
Hace mucho no sabÃ­a que era recibir un detalle sin ser un dÃ­a especial â¤ï¸â¤ï¸ y me llegÃ³ esto hace poco ğŸ™ˆ,NEGATIVE
Abue Â¿nos das de comerÂ¿no ves que  me estÃ¡ comiendo un tiburÃ³n,NEGATIVE
Bueno la realidad de este encierro es incierta pero al menos yo soy consciente del plan de Bill Gates y la Ã©lite AsÃ­ que a vivir la poca libertad que nos queda ğŸ¤·ğŸ¼â€â™€ï¸,NEGATIVE
Los fogones comunitarios son procesos sociales apoyados por la Alcaldia para luchar contra el virus y contra el hambreAcatando todas las medidas sanitarias y de distancia socialDe esta salimos juntos,NEUTRAL
Vicky no mamesss ğŸ¤£ğŸ¤£ğŸ¤£ payasa,NEGATIVE
Todo lo que hagamos por ellos Â¡vale la penaÂ¡SonreÃ­r Es Gratis Somos Fundacionsonriente,POSITIVE
Kim jongun viendo los memes en Twitter sobre su muerteKIMJONGUNDEAD,NEUTRAL
Les traigo amor,POSITIVE
La frase de la semana reafirma la palabra que Dios nos hablÃ³ BethesdaPasto Un Lugar de Dios para ti,NEUTRAL
COVID19  Colombia  26abr2020,NEUTRAL
Como se transmite el Virus,NEUTRAL
Gracias a todos por sus buenos deseos familia  amigos hinchas Un cumpleaÃ±os diferente pero muy feliz por todo el cariÃ±o recibido en Mi casa en San Juan de Pasto,POSITIVE
EN CONMEMORACIÃ“N DEL DIA DEL NIÃ‘O LA GOBERNACIÃ“N DE NARIÃ‘O Y EL CIRCO LOS VALENTINOS  HOY 400pm FACEBOOK LIVE GOBERNACIÃ“N DE NARIÃ‘O en Pasto Narino,NEUTRAL
tiendasinadiemequieremequieroyo sanateformafuturoyamor DEJA IR A LA GENTE QUE NO ESTÃ LISTA PARA AMARTEAmistades amores etcEs la cosa mÃ¡s difÃ­cil que tendrÃ¡s que hacer en tu vida y tambiÃ©nâ€¦,POSITIVE
PROGRAMACIÃ“N PARA HOY ATRAVÃ‰S DE FACEBOOK  GOBERNACIÃ“N DE NARIÃ‘O en Pasto Narino,POSITIVE
Feliz cumpleaÃ±os papi ğŸ‰ Que Dios te bendiga siempre asÃ­ como nos bendice a nosotros con un padre incondicional como tÃºğŸ’› Que todos tus deseos se hagan realidad por quÃ© te mereces todoooâœ¨ te amo milğŸ’•,POSITIVE
â™ªğ‘·ğ’‚ğ’“ğ’‚ ğ’’ğ’–ğ’† ğ’„ğ’ğ’ğ’ğ’›ğ’„ğ’‚ğ’” ğ’–ğ’ ğ’‘ğ’ğ’„ğ’ ğ’…ğ’† ğ’ğ’–ğ’†ğ’”ğ’•ğ’“ğ’‚ ğ’„ğ’–ğ’ğ’•ğ’–ğ’“ğ’‚ ğ‘µğ’–ğ’†ğ’”ğ’•ğ’“ğ’ ğ‘¼ğ’“ğ’„ğ’–ğ’ğ’Šğ’ğ’‚â™ª ğŸŒ‹ğŸ‡¨ğŸ‡´urcunina volcangaleras pastonariÃ±o pasto nariÃ±o nariÃ±enses culturanariÃ±ense culturacolombiana,NEGATIVE
Ya va quedando masha Cuarentena QuedateEnCasa en Pasto Narino,MIXED
Buen DÃ­a  Con este Espectacular Paisaje me despertÃ³ Urkunina,POSITIVE
Por cosas como esta es que se puede fÃ¡cilmente romper la cuarentena Mi Dios ğŸ˜±ğŸ˜±,POSITIVE
En la tierra y el trabajo estÃ¡n las verdaderas fuentes de riqueza y prosperidad Sin el producto de la tierra no habrÃ­a materias primas y la industria no podrÃ­a desarrollarse AGROSAVIA trabaja para fortalecer el sector agropecuario colombiano y la tierra es parte fundamental,NEUTRAL
ğŸ¤—ğŸ¤—ğŸ¤—ğŸ˜ğŸ¥°ğŸ¥° Hace un aÃ±o cuÃ¡ndo ni siquiera pensÃ¡bamos en lo que estamos pasando ahora Â¿Cuando volveremos a estar tranquilos en las calles en Pasto Narino,NEUTRAL
Experimentos en casa en Pasto Narino,NEUTRAL
Es una lÃ¡stima que no estÃ©s conmigocuando miro el reloj y son las seisPodrÃ­as acercarte de sorpresay decirme Â¿QuÃ© tal y quedarÃ­amosyo con la mancha roja de tus labiostÃº con elâ€¦,NEGATIVE
Mirando fijamente que pronto volveremos âš½ï¸ğŸ™ŒğŸ½ğŸ™ğŸ½ en Pasto Narino,POSITIVE
Hoy hice croissants quedaron sabrosos pero mejorables Dato En mis Ãºltimos aÃ±os de vida quiero vivir en el campo dedicado a la cocina y a la pintura,MIXED
Ikoria La nueva expansiÃ³n de Magic Muy pronto en Pastorol Hobby Center,NEUTRAL
ğŸƒğŸ’ ğŸ˜ğŸ˜ğŸ˜Pao  Afortunada que estas en el camino de construir lo que deseasğŸ’šğŸ’šğŸ’š en Pasto Narino,POSITIVE
Compartir mis besos,NEUTRAL
Amigo empresario segÃºn la ResoluciÃ³n  498 del 26 de abril serÃ¡n los entes territoriales los encargados de validar el cumplimiento de los protocolos de bioseguridad que requieren los subsectores de manufacturas para entrar a operar InfÃ³rmese bien para evitar sanciones,NEUTRAL
La subo acÃ¡ por que me gusto la foto ğŸ’…ExtraÃ±o tanto estar lejos de este pueblo,MIXED
JSJAJAJA porque siempre nos cambian el nombre no es tan difÃ­cil pronunciar CIRCOwners,NEUTRAL
ElSaqueoEsEnMiraflores Los Chavistas estÃ¡n despertando Â¿QuÃ© pasÃ³  y   Hasta tus propios seguidores ya estÃ¡n cansados de su nefasta gestiÃ³n Socialista,NEGATIVE
â€œDe lo mutuo y lo sincero nadie se aburreâ€,NEUTRAL
Yo soy un amor pero con un genio de mierda ğŸ¥ºğŸ”¥,MIXED
ElSaqueoEsEnMiraflores Los comerciantes no tienen la culpa del saqueo perpetrado por los jerarcas del rÃ©gimen comunista enquistado en el poder,NEGATIVE
EngaÃ±o y Burla ElSaqueoEsEnMiraflores SeguirÃ¡s creyendo en las mentiras del tirano que promete todos los aÃ±os un milagro econÃ³mico VÃ©alo usted mismo,NEUTRAL
MaÃ±ana empiezo a trabajar nuevamente teletrabajo Espero que compren el Qhubo el martes Feliz tarde de domingo,POSITIVE
Que se hace para engordar,NEGATIVE
Construimos desde la diversidad ğŸ³ï¸â€ğŸŒˆloveislove,NEUTRAL
A mi me encanta ğŸ¤¤ğŸ˜ğŸ˜ˆ,POSITIVE
Duelo de arqueros â¤ï¸ğŸ–¤ELIMINA A UNO,NEUTRAL
Aburrido con ganas que me saquen la leche sin nadie que me eche la mano,NEGATIVE
Las personas cuyos nÃºmeros de cÃ©dula terminan en 6 7 8 9 y 0 podrÃ¡n salir el dÃ­a de hoy a realizar sus actividades de abastecimientoCÃºcutaContraElCoronavirus,NEUTRAL
Alguna amiguita para chat,NEUTRAL
vengo a presumirles a mi hija Tres dÃ­as de nacida mi princesaâ¤ï¸,NEGATIVE
Holaaaaa,NEUTRAL
Escuchar los caminos de la vida de diomedes diaz en el ulimo episodio de la 3 temporada de  LaCasaDeLasFlores3 fue la mejor forma de empezar,POSITIVE
La naturaleza nos brinda todas las herramientas para coexistir en equilibrio con la vidaAquÃ­ tienes experiencias de contacto intimo para sanar nuestro ser todo ha sido construido en base del amor y bienestarâ€¦,POSITIVE
EnVÃ­deo BatallÃ³n de Servicios NÂ°27 de la Brigada27 en Mocoa Putumayo se blinda contra COVIDãƒ¼19 por eso con sus capacidades logÃ­sticas confecciona elementos de protecciÃ³n para evitar contagio de la pandemia yâ€¦,NEUTRAL
Cuarentena,NEUTRAL
EnVÃ­deo personal del Dispensario MÃ©dico de Disan en la Brigada27 en Mocoa Putumayo explica cÃ³mo se estÃ¡n ejerciendo las medidas de PrevencionyAccion para evitar contagio de Covid19 en la unidadâ€¦,NEUTRAL
PrevenciÃ³nYAcciÃ³n  Invitamos a la ciudadanÃ­a a hacer uso de los diferentes canales de atenciÃ³n que  ha dispuesto para atender y agilizar peticiones denuncias y trÃ¡mites de sus usuarios QuedateEnLaCasa,NEUTRAL
TemporadasDeLluvias  Si durante las lluvias nota represamiento o aumento en niveles de rÃ­os o quebradas avise a organismos de socorro PorLaConvivenciaEnElPutumayoUnidosSomosMÃ¡s,NEGATIVE
FÃ¡tima Muriel presidenta de  en el evento de  Las Mujeres de Putumayo transforman el territorio hablando de la importancia del Empoderamiento y apoyo a las mujeres en el departamento,NEUTRAL
Los Ã¡rboles son increÃ­bles cada uno de ellos son un ecosistema que siempre trato de cuidar como ellos me cuidan Y el amor verdadero es recÃ­proco aquÃ­ el bienestar es para tod nuestra conexiÃ³n a planeado serâ€¦,POSITIVE
Cine al barrio junto a su PolicÃ­a Nacional,NEUTRAL
No estaba planeado llegar a esta ciudad Y aquÃ­ toytravel traveling photography instapic vacation visiting instatravel instago instagood trip holiday photooftheday fun travelling tourismâ€¦,NEUTRAL
Nuevamente llegando a Mocoa,NEUTRAL
Que mejor lugar que el Putumayo para empezar esta puta gira por Colombia,NEGATIVE
espaÃ±olLa ruta entre Mocoa y San Francisco en Putumayo es una carretera construyida en lo principio de los aÃ±os 30 durante la guerra entre Peru y Colombia y por ser estrecha destapada y con caÃ­das de 500 metros Ã©â€¦,NEUTRAL
Taperiba spondias mombin Se encuentra en las zonas tropicales de SudamÃ©rica estos frutos los recolecte en la Amazonia Colombiana en el departamento del Putumayo Sin parecidos a ciruelas o hobos gigantes su saborâ€¦,NEUTRAL
PUTUMAYO MOCOA APOYA EL ParoNacional Cacerolazo24N 24nParoNacional los putumayenses necesitan Universidad,NEUTRAL
Buenos dÃ­as Seguimos firmes sin sacarle punta ğŸ¤ en Mocoa Putumayo,POSITIVE
Nuestros micro empresarios del Putumayo agradecen a colejercito Brigada27 por ser el gestor al lado de   por ser artÃ­fices de la Segunda Rueda de Negocios MocoaRenace en el Parque Gralâ€¦,POSITIVE
El BatallÃ³n de Desminado Humanitario n5 de la Brigada27 inspira a la niÃ±ez y a la juventud a valorar el trabajo que hacen estos hombres y mujeres de salvar vidas y asÃ­ disfrutaron de sus capacidades en la Segunda Rueda de Negocios MocoaRenace,NEUTRAL
AcompaÃ±amos a nuestras comunidades emprendedoras en la II Rueda Departamental de Negocios y Muestra Empresarial MocoaRenace liderada por el EJERCITO Brigada Selva No 27  y,NEUTRAL
Invitamos a todo el departamento del Putumayo a que nos acompaÃ±en en la Segunda Rueda de Negocios MocoaRenace en el Parque General Santander de Mocoa Gracias a la articulaciÃ³n de la Brigada27  EJERCITO,NEGATIVE
Solo quiero que lleguÃ© el dÃ­a donde nos podamos ver y reÃ­rnos de todo esto jajajajajajajajajaja ArmeniaEnchimbada,POSITIVE
Y ahora k hago,NEGATIVE
Que chimba el pueblito que uno sale con 10k y pasa una chimba jajajja vaya intenten eso en otro lado a ver cÃ³mo les va ğŸ˜‚,NEGATIVE
sin comentarios,NEGATIVE
Mi mamÃ¡ me dio la vida pero ArmeniaEnchimbada las ganas de vivirla jajajajaj,POSITIVE
armeniaenchimbada El pueblo se respeta ğŸ’™,MIXED
Tu tranqui mor en dos semanas ya nadie se va a acordar de todo esto Â¿O sÃ­ ğŸ˜‚ Pueblo pequeÃ±o enchimbada grande,MIXED
Armenia 1  La enchimbada 0,NEUTRAL
Les aseguro pues que en MedellÃ­n no se unen en Twitter para hacer respetar a su pueblito Punto para los enchimbados,NEUTRAL
DespuÃ©s de esta noche no queda duda que Armenia es una retro chimba pai ajjajaj,NEUTRAL
No mk pero hablando en serio hay que ser muy hpta de malagradecido para criticar asÃ­ de feo la tierrita que lo vio crecer a uno,NEGATIVE
Gracias por tanto gente  ustedes hacen que mi cuarentena sea menos enchimbada ğŸ¥º,MIXED
A quien no le gusta Armenia pa dejarlo de seguir hpta jajaj,NEGATIVE
Enchimbado yo  enchimbado tu  enchimados nosotros,NEGATIVE
Mor me siento orgullosa de cÃ³mo todos nosotros los enchimbados nos unimos por una misma causa defender el moridero de Armenia,NEGATIVE
No mor cierre ese Twitter mÃ¡s bien Fav si le denunciamos la cuenta ğŸ˜‚,NEUTRAL
Premios Popis 2020 ğŸ˜‚,NEUTRAL
Me gustaron aunque mi nombre estÃ© escrito de una forma muy charra jeje,MIXED
Ya q no me quitaron el celular ps tocÃ³ seguir con esta mierda jajajajaj,NEGATIVE
Aplica tambiÃ©n para amistadesâ€¼ï¸,NEUTRAL
Me atraes pero con eso de responderme cada 4 horas y sin mostrar ni el mÃ¡s mÃ­nimo interÃ©s me atraes mucho mÃ¡s jajajsjsja,MIXED
Jajajajajajaja los hptas roban y les sale uno a deber,NEGATIVE
Los manes que se hacen las victimas despuÃ©s de montar mil cachos deberÃ­an morirse,NEGATIVE
Somos hasta mÃ¡s tendencia que MedellÃ­n Armeniaenchimbada,NEGATIVE
Risaralda sin hambre Â¡manos en elÂ bolsillo,NEUTRAL
Bnas noches,NEUTRAL
Fuerza y pazğŸ’–,POSITIVE
Eliminen a uno yo elimino a DY,NEUTRAL
â€œNo puedes escuchar imÃ¡genesâ€,NEUTRAL
De hace dÃ­asğŸ¥°,NEUTRAL
Como identificar un fuckboy tÃ³xico,NEGATIVE
Pregunta seria Abro debate,NEUTRAL
Feliz con mi bebÃ© ğŸˆğŸ’˜,POSITIVE
La vida no es fÃ¡cil pero depende de nosotros luchar por quien amamos,POSITIVE
Todos reuniÃ©ndose en una misma casa a beber paâ€™ despuÃ©s llegar a sus casas con el virus e infectar a la familia ğŸ¤¡ğŸ¤¡ğŸ¤¡ğŸ¤¡ğŸ¤¡ğŸ¤¡ğŸ¤¡ğŸ¤¡ğŸ¤¡ğŸ¤¡ğŸ¤¡ğŸ¤¡ğŸ¤¡ğŸ¤¡ğŸ¤¡ğŸ¤¡ğŸ¤¡ğŸ¤¡ğŸ¤¡ğŸ¤¡ğŸ¤¡ğŸ¤¡ğŸ¤¡ğŸ¤¡ğŸ¤¡ğŸ¤¡ğŸ¤¡ğŸ¤¡ğŸ¤¡ğŸ¤¡ğŸ¤¡ğŸ¤¡ğŸ¤¡ğŸ¤¡ğŸ¤¡ğŸ¤¡ğŸ¤¡ğŸ¤¡ğŸ¤¡ğŸ¤¡ğŸ¤¡ğŸ¤¡ğŸ¤¡ğŸ¤¡ğŸ¤¡ğŸ¤¡ğŸ¤¡ğŸ¤¡ğŸ¤¡ğŸ¤¡ğŸ¤¡ğŸ¤¡ğŸ¤¡ğŸ¤¡ğŸ¤¡ğŸ¤¡ğŸ¤¡ğŸ¤¡ğŸ¤¡ğŸ¤¡ğŸ¤¡ğŸ¤¡ğŸ¤¡ğŸ¤¡ğŸ¤¡ğŸ¤¡ğŸ¤¡ğŸ¤¡ğŸ¤¡ğŸ¤¡ğŸ¤¡ğŸ¤¡ğŸ¤¡ğŸ¤¡ğŸ¤¡ Irresponsables,NEGATIVE
Aber yo C62,NEUTRAL
Este soy yo ğŸ˜‚,NEUTRAL
Feliz dÃ­a de la NiÃ±ez ğŸ§’ğŸ‘§ğŸ‘¶,POSITIVE
Me traes bien pendejo asÃ­ como cuando Drake olvidÃ³ cortar la puerta de la casita del Ã¡rbol,NEGATIVE
DÃ­a par  DÃ­a impar Hembra y macho de ColibrÃ­ Cola de Raqueta,NEUTRAL
Â¡Un brindis por el futuro de nuestra ciudad,POSITIVE
á¶ áµ˜â±Ë¢áµ—áµ‰ áµâ± áµ‰Ê³Ê³áµ’Ê³ á¶ áµƒáµ›áµ’Ê³â±áµ—áµ’,POSITIVE
A todo hijueputa le llega su hijueputa y medio,NEGATIVE
Se me soltÃ³ el ganado ğŸ˜‚,NEGATIVE
Intentar caerle bien a todo el mundo jamÃ¡s ha estado en mis planes,NEGATIVE
La evidencia cientÃ­fica ha demostrado que el distanciamiento social y una higiene adecuada aplanan la curva de contagios de COVID19 EvitaElCoronavirus y evita el contacto fÃ­sico con otras personas Â¡Es por el bien de todos,NEUTRAL
Mil bendiciones para todas las personas que estÃ¡n leyenda estas palabras,POSITIVE
Muy pronto por lo que veoâ˜ ï¸,POSITIVE
ğŸ˜ se cÃ³mo el,NEUTRAL
Quien lo dirÃ­ağŸ’«,NEUTRAL
Durante el periodo de aislamiento domiciliario es importante mantener hÃ¡bitos de vida saludable no descuide su alimentaciÃ³n y siga estas recomendaciones PrevenciÃ³nyAcciÃ³n,NEUTRAL
Hoy completamos ocho dÃ­as con nuestra  campaÃ±a de ayuda a los microempresarios y emprendedores del paÃ­s a travÃ©s de la estrategia digital MiEmpresaMiPolicÃ­a Acudiendo a nuestro valor institucional de la Solidaridad iremos hasta el 1 de mayo AÃºn puedes enviar tu video ğŸš”ğŸ’š,NEUTRAL
En el DiaDeLaSecretaria exaltamos a quienes diariamente escriben con sus palabras la historia de una instituciÃ³n que hoy agradece su gran labor con respeto y admiraciÃ³n SomosUnoSomosTodos,POSITIVE
Karen quÃ© quieres no ves que estoy ocupada,NEUTRAL
AdaptÃ¡ndome a la situaciÃ³n NewProfilePic,NEUTRAL
Yo despuÃ©s de picar cebolla para el shampoo,NEUTRAL
A mÃ­ tambiÃ©n,NEUTRAL
Eterno Insomnio ğŸ¥µ,NEUTRAL
HacÃ­a solete,NEUTRAL
Feliz noche,POSITIVE
Hoy finalizamos la maratÃ³nica de chistesordoÃ±ez con 106 horas que esperas para reÃ­r con  aquÃ­ en YouTube,NEUTRAL
Voy pa 3 meses sin beber no lo puedo creer ğŸ˜±,NEGATIVE
Vamos a fumarnos a fugarnos a follarnos,NEUTRAL
Algo que tenemos que entender â™¥ï¸,NEUTRAL
Como quiero estar  Como estoy,POSITIVE
Pido disculpas ğŸ˜‚,MIXED
Seguramente han leÃ­do o escuchado sobre las mariposas amarillas como un Ã­cono de Macondo en Cien AÃ±os de SoledadHoy les contarÃ© su historia y la vida del hombre detrÃ¡s de ellas Mauricio BabiloniaAbro hilo,NEUTRAL
Viajero en el tiempo Â¿quÃ© aÃ±o esYo 2020Viajero en el tiempo ahh es apenas el primer aÃ±o de la cuarentenaYo,NEUTRAL
Necesitamos que la gobernaciÃ³n de Santander apoye la propuesta de la MatriculaCero para los estudiantes universitarios hoy muchos jÃ³venes se definen entre estudiar o comer,NEUTRAL
Hoy en Madrid EspaÃ±a Dieron autorizaciÃ³n para sacar a los niÃ±os al parque Y mira lo que pasa La gente no tiene consciencia,NEGATIVE
ObrerosAlMataderoSOSObrerosAlMataderoSOSObrerosAlMataderoSOSObrerosAlMataderoSOSObrerosAlMataderoSOSObrerosAlMataderoSOSSOLO LOS RICOS TIENEN DERECHO A VIVIR EN ESTA DICTADURA URIBISTAObrerosAlMataderoSOSObrerosAlMataderoSOSObrerosAlMataderoSOS,NEUTRAL
QUE NO ME GUSTA LA LECHUGAAAAAAAA ğŸ·,NEGATIVE
Monaco,NEUTRAL
Desde la SeÃ±ora de las empanadas el Cela el siso el Obrero el maestro la residente  almacenista el aseo  la sala de ventasA NADIE LE IMPORTAMOS VAMOS DERECHO A ENFERMARNOS ObrerosAlMataderoSoS,NEUTRAL
visibilidadlÃ©sbica de Safo Decolonial en instagram y facebook ğŸ’œ,NEUTRAL
Hola buena tardemi mensaje es para comentarles quÃ© hay un seÃ±or de edad por mi casa duerme en la calle aveces se le da desayuno y los vecinos almuerzo por fa si alguien sabe de algÃºn familiar o cÃ³mo podemos ayudarle se los agradezco para que tenga un lugar digno donde vivir,NEUTRAL
JAJAJAAJAJAJAJJA allÃ¡ nos vemos,NEUTRAL
DevuÃ©lvanme al momento donde cantabamos te botÃ© a todo pulmÃ³n,MIXED
ğŸ‡ªğŸ‡¸  DespuÃ©s de 6 semanas los niÃ±os volvieron a las calles de EspaÃ±aSin distanciamiento social sin cubrebocas aglomerados sin seguir indicacionesLes dieron un dÃ­a de libertad e hicieron todo mal asÃ­ se arruinan 6 semanas de cuarentena,NEGATIVE
Juguemos,NEUTRAL
Me manda para el baÃ±o INSOFACTAMENTE,NEGATIVE
AsÃ­ me siento cada vez que indican la cifra de infectados del COVIDãƒ¼19,NEGATIVE
Yo cuando veo las historias de lavermisse Quiero  Necesito,NEUTRAL
Que el tiempo que duro nuestro amor tu me hiciste feliz y en mi adiÃ³s te deseo lo mejor Pero estes donde estes nunca voy a olvidarteeee,MIXED
Lo Digo y lo sostengo si en mi matrimonio no me tocan el Acetaminofen cuando vaya entrando al altar NO ME CASO verdadesdecuarentena RecreacionResponsable 26Abril DomingoDeCuarentena Responsabilidad Mi Acetaminofen Miguel Duran Jr,NEGATIVE
Quiero otro tatuaje ğŸ˜‡,MIXED
Les recomiendo esta serie en Netflix a todos los que no encuentran ya nada que ver  Jaja es hermosa y tiene solo 4 episodios  De nada,POSITIVE
ğŸ’Valledupar hoy 26 de abrilğŸŒ»ğŸ’ğŸ¦‹NostalgiağŸ¥º,NEUTRAL
Â¡Gente Me inventÃ© un BOOK CLUB Cuarentenero ğŸ“š DÃ©jame tu correo en los comentarios o en DM y cada semana recibirÃ¡s 1 libro nuevo en formato digital para aÃ±adir a tu biblioteca  Los espero ğŸ¤—,NEUTRAL
Que pasÃ³ ayer ğŸ˜¬,NEUTRAL
Ayer hice el intentÃ³ de los rulos por 6248497252534 vez y MEDIO me salieron POR FIN pero no me duraron ni 5 minutos ğŸ˜­ğŸ˜­ğŸ˜­ğŸ’”,NEGATIVE
Quien mÃ¡s odia que pase esto en Parchis,NEGATIVE
A las personas hay que cuidarlas aunque ya las tengas,NEUTRAL
SeÃ±ores con uds el roscÃ³n de bocadillo ğŸ˜,NEUTRAL
Son datos y hay que darlos Jajajajajaja,NEUTRAL
agradezco ser una X en un pueblo como la jagua uffff,POSITIVE
Apoyando a mis amigas de aquÃ­ a la luna ğŸ¤¦â€â™€ï¸ğŸ˜…ğŸ¤£,POSITIVE
Ya finalizÃ³ el cicatrizado ğŸ˜ğŸ˜ğŸ˜ğŸ˜,NEUTRAL
Dos combos por favor,NEUTRAL
A veces llega la lluvia para limpiar las heridas A veces solo una gota puede vencer la sequÃ­a â˜ºï¸ğŸ˜Š,NEGATIVE
Â¡Mucho ojo Estas son las nuevas medidas que regirÃ¡n en IbaguÃ© durante lo que resta del aislamiento obligatorio,NEGATIVE
â€œEl Chitoâ€ Torres exarquero del  este lunes a las 7 pm,NEUTRAL
Se retira en Tolima,NEUTRAL
Acabo de publicar Cap 40 RedenciÃ³n de mi historia Con los aÃ±os  CachÃ©He vueltoAquÃ­ les traigo un nuevo capÃ­tulo de esta historia que amoNo olviden compartir y votar â­,POSITIVE
Westworld es un continuo WTF,NEGATIVE
La amo mucho no sÃ© que serÃ­a de mi sin ella,POSITIVE
Si NO nos vamos a tomar fotos asÃ­ entonces no quiero nada,NEGATIVE
Mi rutina los Ãºltimos 3 aÃ±os,NEGATIVE
CUATRO CONCEJALES DE IBAGUÃ‰ NEGARON POSIBILIDAD DE TENER COLEGIO A NIÃ‘OS DEL SURRubÃ©n DarÃ­o Correa Javier Mora Orlando RodrÃ­guez y Jaime Tocora decidieron hundir el proyecto para cambio de uso del suelo que buscaba construir un colegio en Terrazas del Tejar para 3000 menores,NEGATIVE
Cuando vuelva a jugar âš½ï¸ğŸ‘¨ğŸ¼â€ğŸ¦³,NEUTRAL
Yo sÃ­ te querÃ­a pero bueno,MIXED
Flavio en la llamada de skype,NEUTRAL
Como si no fuera suficiente su desgracia se enamorÃ³â€¢Oscar Wilde,NEUTRAL
No hay otro igualğŸ”¥âš½ï¸EL 19 HISTÃ“RICO,NEUTRAL
Amor en tiempos de cuarentena ğŸ’Œ,POSITIVE
Â¡El morbo y el coqueteo mutuo es un feeling riquÃ­simo ğŸ¤¤,POSITIVE
De acuerdo al nuevo Decreto frente a la emergencia sanitaria Â¿QuÃ© estÃ¡ permitido ğŸ¤” Y Â¿QuÃ© no estÃ¡ permitido ğŸ¤”LaVidaEstÃ¡EnTusManos ğŸ’™ â¤ï¸ ğŸ’šğŸ‘‡ğŸ¼,NEUTRAL
Por los tuyos los mÃ­os y los de todos ğŸ’™ â¤ï¸ ğŸ’šConoce las nuevas medidas que tenemos frente a la emergencia sanitaria en Cali siga el hiloğŸ‘‡ğŸ¼LaVidaEstÃ¡EnTusManos ğŸ’™ â¤ï¸ ğŸ’šğŸ‘‡ğŸ¼,NEUTRAL
AtenciÃ³n La Terminal de Transportes de Cali informa que desde este lunes se prestarÃ¡ servicio desde las 600 am y hasta las 800 pm a Yumbo JamundÃ­ Santander de Quilichao Vijes El Tiple Candelaria Palmira y Pradera,NEUTRAL
Lo que es pa uno es pa uno AsÃ­ hayan mil personas y mil situaciones de por medio,NEGATIVE
Uy no quÃ© gonorrea que estÃ©n con uno porque les toca porque quÃ© pesar dejarlo porque ya les tocÃ³ ese papel de mujer abnegada porque quÃ© dirÃ¡ la gente No esa frustraciÃ³n no se la deseo a quien yo amo,MIXED
Siguiendo fielmente los chistes de   ChistesOrdonez,NEUTRAL
Lamentablemente la alcaldiadecali se dejÃ³ coger la noche para socializar el nuevo decreto que empezarÃ¡ a partir de maÃ±ana ğŸ¤¦â€â™‚ï¸Pendientes a las modificaciones del Pico y Vida  Pico y Placa  67 Pico y CÃ©dula,NEGATIVE
Las mujeres son muy vengativas parce ğŸ˜¨,POSITIVE
Que no puede faltar en sus mercados,POSITIVE
PequeÃ±os y medianos empresarios van a obtener ayuda del gobierno para la crisis Los pequeÃ±os y medianos empresarios,NEUTRAL
AmÃ©rica CampeÃ³n hasta el 2021ğŸ¾ğŸ•ºğŸ»ğŸ‡¦ğŸ‡¹ğŸ‘¹âš½ï¸,MIXED
Es claro el Protocolo ObrerosAlMataderoSOS gracias a irresponsables,NEGATIVE
Antes que termine esta semana quiero dar las gracias a los mÃ¡s de 20 mil seguidores de esta cuenta a los que me apoyan y leen mis columnas Pasamos de 2 mil en Enero a 20 mil en Abril GRACIAS A quien me siga y yo no lo siga responda este mensaje para seguirlo de vuelta ğŸ‘‡ğŸ¼ğŸ‘‡ğŸ¼ğŸ‘‡ğŸ¼,POSITIVE
Que se han disparado las adopciones de mascotas por parte de personas que sÃ³lo las quieren usar como medio para salir todos los dÃ­as de cuarentena pregÃºntese si Ud adopta una mascota realmente para hacerse cargo de ella a largo plazo de lo contrario no sea irresponsable,NEGATIVE
Y YO AQUI PREDICO PERO NO APLICOğŸ’©,NEGATIVE
FOR HIM ğŸ’” RUBEGETTA AUDonde Rubius y Vegetta siguen juntos solo por su pequeÃ±o Bryan quien no merece saber que sus padres se odian con solo cinco aÃ±os,NEUTRAL
Si el 2020 fuera un personaje de televisiÃ³n,MIXED
Me cumple me hace el favor,POSITIVE
Historia de ğŸ‡¨ğŸ‡´  El Cartel y el M19,NEUTRAL
Cuando Pai Mei le dice a Beatrix La madera es la que se debe estar rompiendo no tu muÃ±eca bÃ¡sicamente le estÃ¡ diciendo que el cuerpo debe ceder a su Voluntad no al contrario,NEGATIVE
En algÃºn lugar estasğŸ´ğŸ¥°â¤ï¸,NEUTRAL
Porque todo tiempo pasado fue mejorboeing 732 boeing737 dc3 douglasdc3 planeporn planesofinstagram planespotters planespotting planelovers planegeek aviationdaily avnerd avporn,NEUTRAL
LAS MALOCAS  comunidades TayazÃº TrubÃ³n y Santa Cruzâ€œ La maloca es un espacio sagrado de formaciÃ³n del ser Mujer de SabidurÃ­a o casa del UniversoAquÃ­ se transmiten oralmente las historias ritos usos yâ€¦,NEUTRAL
AquÃ­ tambiÃ©n de marcha 27NParoNacional,NEUTRAL
Luego de todos estos meses de proceso en mitu queremos darle nuestro infinito agradecimiento cargado de admiraciÃ³n a todas las personas que hicieron parte de esta iniciativa y a quienes hicieron posible esteâ€¦,POSITIVE
Otras vidas otros ritmos,MIXED
busca transformar prÃ¡cticas sociales como las uniones tempranas y la violencia sexual que vulneran los derechos de las niÃ±as y las adolescentes AsÃ­ contribuimos a la  prevenciÃ³n del embarazo en la infancia y la adolescencia ICBFesNiÃ±ezICBFesAdolescencia,NEUTRAL
JÃ³venesArtesanosApoyemosALosNuestrosJuan Evin Parra RodrÃ­guez es un joven indÃ­gena de 26 aÃ±os de la etnia barÃ¡ originario de la comunidad de YapÃº Hoy en dÃ­a se dedica a las artesanÃ­as talladas en madera Trabaja en el dÃ­a y estudia en la nocturna,NEUTRAL
El pueblo colombiano exige que las Farc pidan perdÃ³n por los actos terroristas cometidos durante esta toma donde se violaron los Derechos Humanos y el Derecho Internacional Humanitario 20AÃ±osMitÃº MemoriasDeLaGuerra,NEGATIVE
Llegando a MitÃº  VaupÃ©s KioscosR5  Aeropuerto Alberto LeÃ³n Bentley,NEUTRAL
Buen dia hermosa provincia CoclesanaFoto por hen24   Cerro Guacamaya,POSITIVE
Con Nilbio Torres actor del Abrazo de la serpiente en MitÃº  VaupÃ©s  Vaupes Mitu,NEUTRAL
Hoy en VaupÃ©s con la comunidad Indigena  Y toda la poblaciÃ³n de MitÃº en el Lanzamiento delâ€¦,NEUTRAL
Gracias a toda la gente linda de MitÃº Por el cariÃ±o InauguraciÃ³n de los juegos SupÃ©rate en VaupÃ©sâ€¦,POSITIVE
Charla sobre emprendimiento con enfoque Ã©tnico mentalidad y cultura empresarial,NEUTRAL
Asï¿½ serï¿½ Parques del Rï¿½o el nuevo ï¿½cono de Medellï¿½n,NEUTRAL
,NEUTRAL
Colegio Electoral del  del Vaupes y Mitu  y  fortalecemos la descentralizaciÃ³n,NEUTRAL
MorenoAndres FAV si esta viendo Tu voz estÃ©reo JAJAJAclaro que si,POSITIVE
una bandera del  en la comunidad Ceima Cachivera mÃ¡s de 10 aÃ±os colgada ahÃ­ lajoyadelacorona,NEUTRAL
SomosUnoSomosTodos AEstaHora relializamos planes preventivos en la capital Vichadense,NEUTRAL
Amanecer llanero PuertoCarreÃ±o Vichada en Pto CarreÃ±o Vichada Frontera Con Venezuela,POSITIVE
Acaba de publicar una foto en RÃ­o Meta,NEUTRAL
Nada mas delicioso que tomarse una cerveza con sed ğŸŒğŸ”¥,POSITIVE
Cerro El Bita,NEUTRAL
Mi pueblitoâ¤ï¸,NEUTRAL
Si ustedes tambiÃ©n recibieron el nuevo aÃ±o con una vista asÃ­ y con gran compaÃ±Ã­a tambiÃ©n pueden creer que serÃ¡ un gran aÃ±o,POSITIVE
El amor no es un sentimiento es un comportamientoEntonces porque no empezamos a funcionar como tal en cada acciÃ³n del dÃ­a a dÃ­a para tener mejor calidad de vidaconferencianadasomossinamor Docenteâ€¦,MIXED
Atardecer en el Orinoco y niÃ±os de la Guardia CÃ­vica IndÃ­gena liderada por la  de PuertocarreÃ±o,NEGATIVE
Premiamos a nuestros oyentes de RadioPolicÃ­a993FM ğŸ”Š y ciudadanos que participaron activamente durante el partido entre Colombia Vs Qatar en nuestra PoliCipaAmerica2019 ğŸ‡¨ğŸ‡´Preci ğŸ‘®â€â™€ï¸ğŸ‘¨â€ğŸ‘©â€ğŸ‘§â€ğŸ‘§ğŸ’š,POSITIVE
Feliz DiaMundialDeLaTierra  con ustedes Puerto CarreÃ±o y su realismo mÃ¡gico Colombia,POSITIVE
Feliz DÃ­a  AquÃ­ Tratando de comunicarme con mis Seguidores pero la seÃ±al no es muy Buena Dios los BendigağŸ‘ğŸ‘ğŸ‘villamiltorres cantantecoleador elenvidiosoâ€¦,MIXED
Visitemos PuertoCarreÃ±o Vichada y las playas del Orinoco un departamento con grandes atractivos naturales SomosVichada  en Puerto CarreÃ±o Vichada,POSITIVE
ğŸ˜¬ğŸ˜¬  Aeropuerto German Olano   Puerto CarreÃ±o in Puerto CarreÃ±o Vichada,NEUTRAL
RÃ­o Orinoco en Puerto CarreÃ±o Vichada,NEUTRAL
Neiva âœˆï¸  aeropuerto puerto carreÃ±o,NEUTRAL
Por aqui estamos PuertoCarreÃ±o ğŸ‘Œ MikeBahia âš“ï¸  Pto CarreÃ±o,NEUTRAL
Lo que ha pasado Dios no me permites cambiarlo regÃ¡lame SeÃ±or la oportunidad de no volver a llevar malas horas a las personas que quiero,NEGATIVE
Llega ya miÃ©rcoles,NEUTRAL
